[
  {
    "ID": "1",
    "LocalizedName": "Western",
    "EnglishName": "Western",
    "Level": 1,
    "LocalizedType": "Province",
    "EnglishType": "Province",
    "CountryID": "LK"
  },
  {
    "ID": "2",
    "LocalizedName": "Central",
    "EnglishName": "Central",
    "Level": 1,
    "LocalizedType": "Province",
    "EnglishType": "Province",
    "CountryID": "LK"
  },
  {
    "ID": "3",
    "LocalizedName": "Southern",
    "EnglishName": "Southern",
    "Level": 1,
    "LocalizedType": "Province",
    "EnglishType": "Province",
    "CountryID": "LK"
  },
  {
    "ID": "4",
    "LocalizedName": "Northern",
    "EnglishName": "Northern",
    "Level": 1,
    "LocalizedType": "Province",
    "EnglishType": "Province",
    "CountryID": "LK"
  },
  {
    "ID": "5",
    "LocalizedName": "Eastern",
    "EnglishName": "Eastern",
    "Level": 1,
    "LocalizedType": "Province",
    "EnglishType": "Province",
    "CountryID": "LK"
  },
  {
    "ID": "6",
    "LocalizedName": "North Western",
    "EnglishName": "North Western",
    "Level": 1,
    "LocalizedType": "Province",
    "EnglishType": "Province",
    "CountryID": "LK"
  },
  {
    "ID": "7",
    "LocalizedName": "North Central",
    "EnglishName": "North Central",
    "Level": 1,
    "LocalizedType": "Province",
    "EnglishType": "Province",
    "CountryID": "LK"
  },
  {
    "ID": "8",
    "LocalizedName": "Uva",
    "EnglishName": "Uva",
    "Level": 1,
    "LocalizedType": "Province",
    "EnglishType": "Province",
    "CountryID": "LK"
  },
  {
    "ID": "9",
    "LocalizedName": "Sabaragamuwa",
    "EnglishName": "Sabaragamuwa",
    "Level": 1,
    "LocalizedType": "Province",
    "EnglishType": "Province",
    "CountryID": "LK"
  }
]