[
  {
    "Version": 1,
    "Key": "311400",
    "Type": "City",
    "Rank": 45,
    "LocalizedName": "Dalugama",
    "EnglishName": "Dalugama",
    "PrimaryPostalCode": "",
    "Region": {
      "ID": "ASI",
      "LocalizedName": "Asia",
      "EnglishName": "Asia"
    },
    "Country": {
      "ID": "LK",
      "LocalizedName": "Sri Lanka",
      "EnglishName": "Sri Lanka"
    },
    "AdministrativeArea": {
      "ID": "1",
      "LocalizedName": "Western",
      "EnglishName": "Western",
      "Level": 1,
      "LocalizedType": "Province",
      "EnglishType": "Province",
      "CountryID": "LK"
    },
    "TimeZone": {
      "Code": "IST",
      "Name": "Asia/Colombo",
      "GmtOffset": 5.5,
      "IsDaylightSaving": false,
      "NextOffsetChange": null
    },
    "GeoPosition": {
      "Latitude": 6.981,
      "Longitude": 79.89,
      "Elevation": {
        "Metric": {
          "Value": 2,
          "Unit": "m",
          "UnitType": 5
        },
        "Imperial": {
          "Value": 6,
          "Unit": "ft",
          "UnitType": 0
        }
      }
    },
    "IsAlias": false,
    "SupplementalAdminAreas": [],
    "DataSets": [],
    "Details": {
      "Key": "311400",
      "StationCode": "CECO",
      "StationGmtOffset": 5.5,
      "BandMap": "ASIA",
      "Climo": "VCCC",
      "LocalRadar": "",
      "MediaRegion": null,
      "Metar": "VCBI",
      "NXMetro": "",
      "NXState": "",
      "Population": 75781,
      "PrimaryWarningCountyCode": "",
      "PrimaryWarningZoneCode": "",
      "Satellite": "INDIA",
      "Synoptic": "43467",
      "MarineStation": "",
      "MarineStationGMTOffset": null,
      "VideoCode": "",
      "LocationStem": "lk/dalugama/311400",
      "PartnerID": null,
      "Sources": [
        {
          "DataType": "CurrentConditions",
          "Source": "AccuWeather",
          "SourceId": 1
        },
        {
          "DataType": "DailyForecast",
          "Source": "AccuWeather",
          "SourceId": 1
        },
        {
          "DataType": "Dangerous Thunderstorm Alert Push Notifications",
          "Source": "Earth Networks",
          "SourceId": 57
        },
        {
          "DataType": "HourlyForecast",
          "Source": "AccuWeather",
          "SourceId": 1
        }
      ],
      "CanonicalPostalCode": "",
      "CanonicalLocationKey": "311400"
    }
  },
  {
    "Version": 1,
    "Key": "311403",
    "Type": "City",
    "Rank": 45,
    "LocalizedName": "Sri Jayewardenepura-Kotte",
    "EnglishName": "Sri Jayewardenepura-Kotte",
    "PrimaryPostalCode": "",
    "Region": {
      "ID": "ASI",
      "LocalizedName": "Asia",
      "EnglishName": "Asia"
    },
    "Country": {
      "ID": "LK",
      "LocalizedName": "Sri Lanka",
      "EnglishName": "Sri Lanka"
    },
    "AdministrativeArea": {
      "ID": "1",
      "LocalizedName": "Western",
      "EnglishName": "Western",
      "Level": 1,
      "LocalizedType": "Province",
      "EnglishType": "Province",
      "CountryID": "LK"
    },
    "TimeZone": {
      "Code": "IST",
      "Name": "Asia/Colombo",
      "GmtOffset": 5.5,
      "IsDaylightSaving": false,
      "NextOffsetChange": null
    },
    "GeoPosition": {
      "Latitude": 6.883,
      "Longitude": 79.87,
      "Elevation": {
        "Metric": {
          "Value": 10,
          "Unit": "m",
          "UnitType": 5
        },
        "Imperial": {
          "Value": 32,
          "Unit": "ft",
          "UnitType": 0
        }
      }
    },
    "IsAlias": false,
    "SupplementalAdminAreas": [],
    "DataSets": [],
    "Details": {
      "Key": "311403",
      "StationCode": "CECO",
      "StationGmtOffset": 5.5,
      "BandMap": "ASIA",
      "Climo": "VCCC",
      "LocalRadar": "",
      "MediaRegion": null,
      "Metar": "VCBI",
      "NXMetro": "",
      "NXState": "",
      "Population": 119364,
      "PrimaryWarningCountyCode": "",
      "PrimaryWarningZoneCode": "",
      "Satellite": "INDIA",
      "Synoptic": "43467",
      "MarineStation": "",
      "MarineStationGMTOffset": null,
      "VideoCode": "",
      "LocationStem": "lk/sri-jayewardenepura-kotte/311403",
      "PartnerID": null,
      "Sources": [
        {
          "DataType": "CurrentConditions",
          "Source": "AccuWeather",
          "SourceId": 1
        },
        {
          "DataType": "DailyForecast",
          "Source": "AccuWeather",
          "SourceId": 1
        },
        {
          "DataType": "Dangerous Thunderstorm Alert Push Notifications",
          "Source": "Earth Networks",
          "SourceId": 57
        },
        {
          "DataType": "HourlyForecast",
          "Source": "AccuWeather",
          "SourceId": 1
        }
      ],
      "CanonicalPostalCode": "",
      "CanonicalLocationKey": "311403"
    }
  },
  {
    "Version": 1,
    "Key": "311445",
    "Type": "City",
    "Rank": 55,
    "LocalizedName": "Kelaniya",
    "EnglishName": "Kelaniya",
    "PrimaryPostalCode": "",
    "Region": {
      "ID": "ASI",
      "LocalizedName": "Asia",
      "EnglishName": "Asia"
    },
    "Country": {
      "ID": "LK",
      "LocalizedName": "Sri Lanka",
      "EnglishName": "Sri Lanka"
    },
    "AdministrativeArea": {
      "ID": "1",
      "LocalizedName": "Western",
      "EnglishName": "Western",
      "Level": 1,
      "LocalizedType": "Province",
      "EnglishType": "Province",
      "CountryID": "LK"
    },
    "TimeZone": {
      "Code": "IST",
      "Name": "Asia/Colombo",
      "GmtOffset": 5.5,
      "IsDaylightSaving": false,
      "NextOffsetChange": null
    },
    "GeoPosition": {
      "Latitude": 6.95,
      "Longitude": 79.917,
      "Elevation": {
        "Metric": {
          "Value": 11,
          "Unit": "m",
          "UnitType": 5
        },
        "Imperial": {
          "Value": 36,
          "Unit": "ft",
          "UnitType": 0
        }
      }
    },
    "IsAlias": false,
    "SupplementalAdminAreas": [],
    "DataSets": [],
    "Details": {
      "Key": "311445",
      "StationCode": "CECO",
      "StationGmtOffset": 5.5,
      "BandMap": "ASIA",
      "Climo": "VCCC",
      "LocalRadar": "",
      "MediaRegion": null,
      "Metar": "VCBI",
      "NXMetro": "",
      "NXState": "",
      "Population": 29880,
      "PrimaryWarningCountyCode": "",
      "PrimaryWarningZoneCode": "",
      "Satellite": "INDIA",
      "Synoptic": "43467",
      "MarineStation": "",
      "MarineStationGMTOffset": null,
      "VideoCode": "",
      "LocationStem": "lk/kelaniya/311445",
      "PartnerID": null,
      "Sources": [
        {
          "DataType": "CurrentConditions",
          "Source": "AccuWeather",
          "SourceId": 1
        },
        {
          "DataType": "DailyForecast",
          "Source": "AccuWeather",
          "SourceId": 1
        },
        {
          "DataType": "Dangerous Thunderstorm Alert Push Notifications",
          "Source": "Earth Networks",
          "SourceId": 57
        },
        {
          "DataType": "HourlyForecast",
          "Source": "AccuWeather",
          "SourceId": 1
        }
      ],
      "CanonicalPostalCode": "",
      "CanonicalLocationKey": "311445"
    }
  },
  {
    "Version": 1,
    "Key": "311447",
    "Type": "City",
    "Rank": 55,
    "LocalizedName": "Kolonnawa",
    "EnglishName": "Kolonnawa",
    "PrimaryPostalCode": "",
    "Region": {
      "ID": "ASI",
      "LocalizedName": "Asia",
      "EnglishName": "Asia"
    },
    "Country": {
      "ID": "LK",
      "LocalizedName": "Sri Lanka",
      "EnglishName": "Sri Lanka"
    },
    "AdministrativeArea": {
      "ID": "1",
      "LocalizedName": "Western",
      "EnglishName": "Western",
      "Level": 1,
      "LocalizedType": "Province",
      "EnglishType": "Province",
      "CountryID": "LK"
    },
    "TimeZone": {
      "Code": "IST",
      "Name": "Asia/Colombo",
      "GmtOffset": 5.5,
      "IsDaylightSaving": false,
      "NextOffsetChange": null
    },
    "GeoPosition": {
      "Latitude": 6.933,
      "Longitude": 79.883,
      "Elevation": {
        "Metric": {
          "Value": 15,
          "Unit": "m",
          "UnitType": 5
        },
        "Imperial": {
          "Value": 49,
          "Unit": "ft",
          "UnitType": 0
        }
      }
    },
    "IsAlias": false,
    "SupplementalAdminAreas": [],
    "DataSets": [],
    "Details": {
      "Key": "311447",
      "StationCode": "CECO",
      "StationGmtOffset": 5.5,
      "BandMap": "ASIA",
      "Climo": "VCCC",
      "LocalRadar": "",
      "MediaRegion": null,
      "Metar": "VCBI",
      "NXMetro": "",
      "NXState": "",
      "Population": 55341,
      "PrimaryWarningCountyCode": "",
      "PrimaryWarningZoneCode": "",
      "Satellite": "INDIA",
      "Synoptic": "43467",
      "MarineStation": "",
      "MarineStationGMTOffset": null,
      "VideoCode": "",
      "LocationStem": "lk/kolonnawa/311447",
      "PartnerID": null,
      "Sources": [
        {
          "DataType": "CurrentConditions",
          "Source": "AccuWeather",
          "SourceId": 1
        },
        {
          "DataType": "DailyForecast",
          "Source": "AccuWeather",
          "SourceId": 1
        },
        {
          "DataType": "Dangerous Thunderstorm Alert Push Notifications",
          "Source": "Earth Networks",
          "SourceId": 57
        },
        {
          "DataType": "HourlyForecast",
          "Source": "AccuWeather",
          "SourceId": 1
        }
      ],
      "CanonicalPostalCode": "",
      "CanonicalLocationKey": "311447"
    }
  },
  {
    "Version": 1,
    "Key": "311418",
    "Type": "City",
    "Rank": 55,
    "LocalizedName": "Kotikawatta",
    "EnglishName": "Kotikawatta",
    "PrimaryPostalCode": "",
    "Region": {
      "ID": "ASI",
      "LocalizedName": "Asia",
      "EnglishName": "Asia"
    },
    "Country": {
      "ID": "LK",
      "LocalizedName": "Sri Lanka",
      "EnglishName": "Sri Lanka"
    },
    "AdministrativeArea": {
      "ID": "1",
      "LocalizedName": "Western",
      "EnglishName": "Western",
      "Level": 1,
      "LocalizedType": "Province",
      "EnglishType": "Province",
      "CountryID": "LK"
    },
    "TimeZone": {
      "Code": "IST",
      "Name": "Asia/Colombo",
      "GmtOffset": 5.5,
      "IsDaylightSaving": false,
      "NextOffsetChange": null
    },
    "GeoPosition": {
      "Latitude": 6.885,
      "Longitude": 79.942,
      "Elevation": {
        "Metric": {
          "Value": 61,
          "Unit": "m",
          "UnitType": 5
        },
        "Imperial": {
          "Value": 200,
          "Unit": "ft",
          "UnitType": 0
        }
      }
    },
    "IsAlias": false,
    "SupplementalAdminAreas": [],
    "DataSets": [],
    "Details": {
      "Key": "311418",
      "StationCode": "CECO",
      "StationGmtOffset": 5.5,
      "BandMap": "ASIA",
      "Climo": "VCCC",
      "LocalRadar": "",
      "MediaRegion": null,
      "Metar": "VCBI",
      "NXMetro": "",
      "NXState": "",
      "Population": null,
      "PrimaryWarningCountyCode": "",
      "PrimaryWarningZoneCode": "",
      "Satellite": "INDIA",
      "Synoptic": "43467",
      "MarineStation": "",
      "MarineStationGMTOffset": null,
      "VideoCode": "",
      "LocationStem": "lk/kotikawatta/311418",
      "PartnerID": null,
      "Sources": [
        {
          "DataType": "CurrentConditions",
          "Source": "AccuWeather",
          "SourceId": 1
        },
        {
          "DataType": "DailyForecast",
          "Source": "AccuWeather",
          "SourceId": 1
        },
        {
          "DataType": "Dangerous Thunderstorm Alert Push Notifications",
          "Source": "Earth Networks",
          "SourceId": 57
        },
        {
          "DataType": "HourlyForecast",
          "Source": "AccuWeather",
          "SourceId": 1
        }
      ],
      "CanonicalPostalCode": "",
      "CanonicalLocationKey": "311418"
    }
  },
  {
    "Version": 1,
    "Key": "311466",
    "Type": "City",
    "Rank": 55,
    "LocalizedName": "Wattala",
    "EnglishName": "Wattala",
    "PrimaryPostalCode": "",
    "Region": {
      "ID": "ASI",
      "LocalizedName": "Asia",
      "EnglishName": "Asia"
    },
    "Country": {
      "ID": "LK",
      "LocalizedName": "Sri Lanka",
      "EnglishName": "Sri Lanka"
    },
    "AdministrativeArea": {
      "ID": "1",
      "LocalizedName": "Western",
      "EnglishName": "Western",
      "Level": 1,
      "LocalizedType": "Province",
      "EnglishType": "Province",
      "CountryID": "LK"
    },
    "TimeZone": {
      "Code": "IST",
      "Name": "Asia/Colombo",
      "GmtOffset": 5.5,
      "IsDaylightSaving": false,
      "NextOffsetChange": null
    },
    "GeoPosition": {
      "Latitude": 6.983,
      "Longitude": 79.883,
      "Elevation": {
        "Metric": {
          "Value": 1,
          "Unit": "m",
          "UnitType": 5
        },
        "Imperial": {
          "Value": 3,
          "Unit": "ft",
          "UnitType": 0
        }
      }
    },
    "IsAlias": false,
    "SupplementalAdminAreas": [],
    "DataSets": [],
    "Details": {
      "Key": "311466",
      "StationCode": "CECO",
      "StationGmtOffset": 5.5,
      "BandMap": "ASIA",
      "Climo": "VCCC",
      "LocalRadar": "",
      "MediaRegion": null,
      "Metar": "VCBI",
      "NXMetro": "",
      "NXState": "",
      "Population": 28852,
      "PrimaryWarningCountyCode": "",
      "PrimaryWarningZoneCode": "",
      "Satellite": "INDIA",
      "Synoptic": "43467",
      "MarineStation": "",
      "MarineStationGMTOffset": null,
      "VideoCode": "",
      "LocationStem": "lk/wattala/311466",
      "PartnerID": null,
      "Sources": [
        {
          "DataType": "CurrentConditions",
          "Source": "AccuWeather",
          "SourceId": 1
        },
        {
          "DataType": "DailyForecast",
          "Source": "AccuWeather",
          "SourceId": 1
        },
        {
          "DataType": "Dangerous Thunderstorm Alert Push Notifications",
          "Source": "Earth Networks",
          "SourceId": 57
        },
        {
          "DataType": "HourlyForecast",
          "Source": "AccuWeather",
          "SourceId": 1
        }
      ],
      "CanonicalPostalCode": "",
      "CanonicalLocationKey": "311466"
    }
  },
  {
    "Version": 1,
    "Key": "311424",
    "Type": "City",
    "Rank": 75,
    "LocalizedName": "Battaramulla",
    "EnglishName": "Battaramulla",
    "PrimaryPostalCode": "",
    "Region": {
      "ID": "ASI",
      "LocalizedName": "Asia",
      "EnglishName": "Asia"
    },
    "Country": {
      "ID": "LK",
      "LocalizedName": "Sri Lanka",
      "EnglishName": "Sri Lanka"
    },
    "AdministrativeArea": {
      "ID": "1",
      "LocalizedName": "Western",
      "EnglishName": "Western",
      "Level": 1,
      "LocalizedType": "Province",
      "EnglishType": "Province",
      "CountryID": "LK"
    },
    "TimeZone": {
      "Code": "IST",
      "Name": "Asia/Colombo",
      "GmtOffset": 5.5,
      "IsDaylightSaving": false,
      "NextOffsetChange": null
    },
    "GeoPosition": {
      "Latitude": 6.9,
      "Longitude": 79.917,
      "Elevation": {
        "Metric": {
          "Value": 47,
          "Unit": "m",
          "UnitType": 5
        },
        "Imperial": {
          "Value": 154,
          "Unit": "ft",
          "UnitType": 0
        }
      }
    },
    "IsAlias": false,
    "SupplementalAdminAreas": [],
    "DataSets": [],
    "Details": {
      "Key": "311424",
      "StationCode": "CECO",
      "StationGmtOffset": 5.5,
      "BandMap": "ASIA",
      "Climo": "VCCC",
      "LocalRadar": "",
      "MediaRegion": null,
      "Metar": "VCBI",
      "NXMetro": "",
      "NXState": "",
      "Population": null,
      "PrimaryWarningCountyCode": "",
      "PrimaryWarningZoneCode": "",
      "Satellite": "INDIA",
      "Synoptic": "43467",
      "MarineStation": "",
      "MarineStationGMTOffset": null,
      "VideoCode": "",
      "LocationStem": "lk/battaramulla/311424",
      "PartnerID": null,
      "Sources": [
        {
          "DataType": "CurrentConditions",
          "Source": "AccuWeather",
          "SourceId": 1
        },
        {
          "DataType": "DailyForecast",
          "Source": "AccuWeather",
          "SourceId": 1
        },
        {
          "DataType": "Dangerous Thunderstorm Alert Push Notifications",
          "Source": "Earth Networks",
          "SourceId": 57
        },
        {
          "DataType": "HourlyForecast",
          "Source": "AccuWeather",
          "SourceId": 1
        }
      ],
      "CanonicalPostalCode": "",
      "CanonicalLocationKey": "311424"
    }
  },
  {
    "Version": 1,
    "Key": "311437",
    "Type": "City",
    "Rank": 75,
    "LocalizedName": "Gonawala",
    "EnglishName": "Gonawala",
    "PrimaryPostalCode": "",
    "Region": {
      "ID": "ASI",
      "LocalizedName": "Asia",
      "EnglishName": "Asia"
    },
    "Country": {
      "ID": "LK",
      "LocalizedName": "Sri Lanka",
      "EnglishName": "Sri Lanka"
    },
    "AdministrativeArea": {
      "ID": "1",
      "LocalizedName": "Western",
      "EnglishName": "Western",
      "Level": 1,
      "LocalizedType": "Province",
      "EnglishType": "Province",
      "CountryID": "LK"
    },
    "TimeZone": {
      "Code": "IST",
      "Name": "Asia/Colombo",
      "GmtOffset": 5.5,
      "IsDaylightSaving": false,
      "NextOffsetChange": null
    },
    "GeoPosition": {
      "Latitude": 6.95,
      "Longitude": 79.95,
      "Elevation": {
        "Metric": {
          "Value": 18,
          "Unit": "m",
          "UnitType": 5
        },
        "Imperial": {
          "Value": 59,
          "Unit": "ft",
          "UnitType": 0
        }
      }
    },
    "IsAlias": false,
    "SupplementalAdminAreas": [],
    "DataSets": [],
    "Details": {
      "Key": "311437",
      "StationCode": "CECO",
      "StationGmtOffset": 5.5,
      "BandMap": "ASIA",
      "Climo": "VCCC",
      "LocalRadar": "",
      "MediaRegion": null,
      "Metar": "VCBI",
      "NXMetro": "",
      "NXState": "",
      "Population": null,
      "PrimaryWarningCountyCode": "",
      "PrimaryWarningZoneCode": "",
      "Satellite": "INDIA",
      "Synoptic": "43467",
      "MarineStation": "",
      "MarineStationGMTOffset": null,
      "VideoCode": "",
      "LocationStem": "lk/gonawala/311437",
      "PartnerID": null,
      "Sources": [
        {
          "DataType": "CurrentConditions",
          "Source": "AccuWeather",
          "SourceId": 1
        },
        {
          "DataType": "DailyForecast",
          "Source": "AccuWeather",
          "SourceId": 1
        },
        {
          "DataType": "Dangerous Thunderstorm Alert Push Notifications",
          "Source": "Earth Networks",
          "SourceId": 57
        },
        {
          "DataType": "HourlyForecast",
          "Source": "AccuWeather",
          "SourceId": 1
        }
      ],
      "CanonicalPostalCode": "",
      "CanonicalLocationKey": "311437"
    }
  },
  {
    "Version": 1,
    "Key": "311483",
    "Type": "City",
    "Rank": 75,
    "LocalizedName": "Hendala",
    "EnglishName": "Hendala",
    "PrimaryPostalCode": "",
    "Region": {
      "ID": "ASI",
      "LocalizedName": "Asia",
      "EnglishName": "Asia"
    },
    "Country": {
      "ID": "LK",
      "LocalizedName": "Sri Lanka",
      "EnglishName": "Sri Lanka"
    },
    "AdministrativeArea": {
      "ID": "1",
      "LocalizedName": "Western",
      "EnglishName": "Western",
      "Level": 1,
      "LocalizedType": "Province",
      "EnglishType": "Province",
      "CountryID": "LK"
    },
    "TimeZone": {
      "Code": "IST",
      "Name": "Asia/Colombo",
      "GmtOffset": 5.5,
      "IsDaylightSaving": false,
      "NextOffsetChange": null
    },
    "GeoPosition": {
      "Latitude": 6.981,
      "Longitude": 79.877,
      "Elevation": {
        "Metric": {
          "Value": 1,
          "Unit": "m",
          "UnitType": 5
        },
        "Imperial": {
          "Value": 3,
          "Unit": "ft",
          "UnitType": 0
        }
      }
    },
    "IsAlias": false,
    "SupplementalAdminAreas": [],
    "DataSets": [],
    "Details": {
      "Key": "311483",
      "StationCode": "CECO",
      "StationGmtOffset": 5.5,
      "BandMap": "ASIA",
      "Climo": "VCCC",
      "LocalRadar": "",
      "MediaRegion": null,
      "Metar": "VCBI",
      "NXMetro": "",
      "NXState": "",
      "Population": null,
      "PrimaryWarningCountyCode": "",
      "PrimaryWarningZoneCode": "",
      "Satellite": "INDIA",
      "Synoptic": "43467",
      "MarineStation": "",
      "MarineStationGMTOffset": null,
      "VideoCode": "",
      "LocationStem": "lk/hendala/311483",
      "PartnerID": null,
      "Sources": [
        {
          "DataType": "CurrentConditions",
          "Source": "AccuWeather",
          "SourceId": 1
        },
        {
          "DataType": "DailyForecast",
          "Source": "AccuWeather",
          "SourceId": 1
        },
        {
          "DataType": "Dangerous Thunderstorm Alert Push Notifications",
          "Source": "Earth Networks",
          "SourceId": 57
        },
        {
          "DataType": "HourlyForecast",
          "Source": "AccuWeather",
          "SourceId": 1
        }
      ],
      "CanonicalPostalCode": "",
      "CanonicalLocationKey": "311483"
    }
  },
  {
    "Version": 1,
    "Key": "311456",
    "Type": "City",
    "Rank": 75,
    "LocalizedName": "Nugegoda",
    "EnglishName": "Nugegoda",
    "PrimaryPostalCode": "",
    "Region": {
      "ID": "ASI",
      "LocalizedName": "Asia",
      "EnglishName": "Asia"
    },
    "Country": {
      "ID": "LK",
      "LocalizedName": "Sri Lanka",
      "EnglishName": "Sri Lanka"
    },
    "AdministrativeArea": {
      "ID": "1",
      "LocalizedName": "Western",
      "EnglishName": "Western",
      "Level": 1,
      "LocalizedType": "Province",
      "EnglishType": "Province",
      "CountryID": "LK"
    },
    "TimeZone": {
      "Code": "IST",
      "Name": "Asia/Colombo",
      "GmtOffset": 5.5,
      "IsDaylightSaving": false,
      "NextOffsetChange": null
    },
    "GeoPosition": {
      "Latitude": 6.867,
      "Longitude": 79.883,
      "Elevation": {
        "Metric": {
          "Value": 15,
          "Unit": "m",
          "UnitType": 5
        },
        "Imperial": {
          "Value": 49,
          "Unit": "ft",
          "UnitType": 0
        }
      }
    },
    "IsAlias": false,
    "SupplementalAdminAreas": [],
    "DataSets": [],
    "Details": {
      "Key": "311456",
      "StationCode": "VCCC",
      "StationGmtOffset": 5.5,
      "BandMap": "ASIA",
      "Climo": "VCCC",
      "LocalRadar": "",
      "MediaRegion": null,
      "Metar": "VCBI",
      "NXMetro": "",
      "NXState": "",
      "Population": null,
      "PrimaryWarningCountyCode": "",
      "PrimaryWarningZoneCode": "",
      "Satellite": "INDIA",
      "Synoptic": "43467",
      "MarineStation": "",
      "MarineStationGMTOffset": null,
      "VideoCode": "",
      "LocationStem": "lk/nugegoda/311456",
      "PartnerID": null,
      "Sources": [
        {
          "DataType": "CurrentConditions",
          "Source": "AccuWeather",
          "SourceId": 1
        },
        {
          "DataType": "DailyForecast",
          "Source": "AccuWeather",
          "SourceId": 1
        },
        {
          "DataType": "Dangerous Thunderstorm Alert Push Notifications",
          "Source": "Earth Networks",
          "SourceId": 57
        },
        {
          "DataType": "HourlyForecast",
          "Source": "AccuWeather",
          "SourceId": 1
        }
      ],
      "CanonicalPostalCode": "",
      "CanonicalLocationKey": "311456"
    }
  }
]