[
  {
    "Version": 1,
    "Key": "311399",
    "Type": "City",
    "Rank": 30,
    "LocalizedName": "Colombo",
    "EnglishName": "Colombo",
    "PrimaryPostalCode": "",
    "Region": {
      "ID": "ASI",
      "LocalizedName": "Asia",
      "EnglishName": "Asia"
    },
    "Country": {
      "ID": "LK",
      "LocalizedName": "Sri Lanka",
      "EnglishName": "Sri Lanka"
    },
    "AdministrativeArea": {
      "ID": "1",
      "LocalizedName": "Western",
      "EnglishName": "Western",
      "Level": 1,
      "LocalizedType": "Province",
      "EnglishType": "Province",
      "CountryID": "LK"
    },
    "TimeZone": {
      "Code": "IST",
      "Name": "Asia/Colombo",
      "GmtOffset": 5.5,
      "IsDaylightSaving": false,
      "NextOffsetChange": null
    },
    "GeoPosition": {
      "Latitude": 6.927,
      "Longitude": 79.872,
      "Elevation": {
        "Metric": {
          "Value": 12,
          "Unit": "m",
          "UnitType": 5
        },
        "Imperial": {
          "Value": 39,
          "Unit": "ft",
          "UnitType": 0
        }
      }
    },
    "IsAlias": false,
    "SupplementalAdminAreas": [],
    "DataSets": [],
    "Details": {
      "Key": "311399",
      "StationCode": "CECO",
      "StationGmtOffset": 5.5,
      "BandMap": "ASIA",
      "Climo": "VCCC",
      "LocalRadar": "",
      "MediaRegion": null,
      "Metar": "VCBI",
      "NXMetro": "",
      "NXState": "",
      "Population": 642163,
      "PrimaryWarningCountyCode": "",
      "PrimaryWarningZoneCode": "",
      "Satellite": "INDIA",
      "Synoptic": "43467",
      "MarineStation": "",
      "MarineStationGMTOffset": null,
      "VideoCode": "",
      "LocationStem": "lk/colombo/311399",
      "PartnerID": null,
      "Sources": [
        {
          "DataType": "CurrentConditions",
          "Source": "AccuWeather",
          "SourceId": 1
        },
        {
          "DataType": "DailyForecast",
          "Source": "AccuWeather",
          "SourceId": 1
        },
        {
          "DataType": "Dangerous Thunderstorm Alert Push Notifications",
          "Source": "Earth Networks",
          "SourceId": 57
        },
        {
          "DataType": "HourlyForecast",
          "Source": "AccuWeather",
          "SourceId": 1
        }
      ],
      "CanonicalPostalCode": "",
      "CanonicalLocationKey": "311399"
    }
  }
]